<core:FragmentDefinition xmlns:core="sap.ui.core"
                         xmlns="sap.m"
                         xmlns:upload="sap.m.upload"
                         xmlns:macros="sap.fe.macros">

    <VBox id="_IDGenVBox1" core:require="{ handler: 'mahindram/ext/fragment/POAttachments'}">

        <upload:UploadSet
            id="uploadSet"
            instantUpload="false"
            uploadEnabled="true"
            afterItemAdded="handler.onAfterItemAdded"
            afterItemRemoved="handler.onAfterItemRemoved"
            items="{path: 'TeatoFile', parameters: { $orderby: 'createdAt desc' }, templateShareable: false}"
            mode="MultiSelect">
            
            <upload:toolbar>
                <OverflowToolbar id="_IDGenOverflowToolbar1">
                    <ToolbarSpacer id="_IDGenToolbarSpacer1"/>
                    <upload:UploadSetToolbarPlaceholder id="_IDGenUploadSetToolbarPlaceholder1" />
                </OverflowToolbar>
            </upload:toolbar>
            
            <upload:items>
                <upload:UploadSetItem id="_IDGenUploadSetItem1"
                    fileName="{fileName}"
                    mediaType="{mediaType}"
                    url="{url}"
                    enabledEdit="true"
                    visibleEdit="true"
                    openPressed="handler.onOpenPressed">
                    
                    <upload:attributes>
                        <ObjectAttribute id="_IDGenObjectAttribute1"
                            title="Uploaded By"
                            text="{createdBy}"
                            active="false"/>
                        <ObjectAttribute id="_IDGenObjectAttribute2"
                            title="Uploaded on"
                            text="{createdAt}"
                            active="false"/>
                        <ObjectAttribute id="_IDGenObjectAttribute3"
                            title="File Size"
                            text="{size}"
                            active="false"/>
                    </upload:attributes>
                </upload:UploadSetItem>
            </upload:items>
        </upload:UploadSet>
    </VBox>
</core:FragmentDefinition>
