{
  "ext/fragment/POAttachments.fragment.xml": 1727848754295,
  "Component.js": 1727688678273,
  "manifest.json": 1728451839978,
  "ext/fragment/POAttachments.js": 1727851137557,
  "Component-dbg.js": 1727688678273,
  "Component.js.map": 1728451840120,
  "ext/fragment/POAttachments-dbg.js": 1727851137557,
  "ext/fragment/POAttachments.js.map": 1728451840132,
  "Component-preload.js": 1728451840355,
  "Component-preload.js.map": 1728451840355,
  "i18n/i18n.properties": 1727765324924,
  "index.html": 1727688678273
}